{"data_time": 0.013045002000581007, "eta_seconds": 66248.02743889394, "iteration": 19, "loss_fcos_cls": 0.9803996980190277, "loss_fcos_ctr": 0.9343198835849762, "loss_fcos_loc": 1.1742815375328064, "lr": 0.00019981, "num_pos_anchors": 256.25, "time": 0.7362528055000439, "total_loss": 3.0573942959308624}
{"data_time": 0.012541750000309548, "eta_seconds": 65835.02697278978, "iteration": 39, "loss_fcos_cls": 0.40158914029598236, "loss_fcos_ctr": 0.7228696346282959, "loss_fcos_loc": 0.7223743498325348, "lr": 0.00039960999999999995, "num_pos_anchors": 257.5, "time": 0.6463943055005075, "total_loss": 1.8708404153585434}
{"data_time": 0.012675097500505217, "eta_seconds": 62889.35792689783, "iteration": 59, "loss_fcos_cls": 0.3103019744157791, "loss_fcos_ctr": 0.6919918656349182, "loss_fcos_loc": 0.666609138250351, "lr": 0.00059941, "num_pos_anchors": 271.75, "time": 0.6657005504994231, "total_loss": 1.6757423281669617}
{"data_time": 0.012595000000146683, "eta_seconds": 62875.37319086783, "iteration": 79, "loss_fcos_cls": 0.25586293637752533, "loss_fcos_ctr": 0.6687934696674347, "loss_fcos_loc": 0.5901957452297211, "lr": 0.0007992100000000001, "num_pos_anchors": 269.375, "time": 0.7063646014994447, "total_loss": 1.5180311799049377}
{"data_time": 0.01299844999994093, "eta_seconds": 63846.0441860133, "iteration": 99, "loss_fcos_cls": 0.2368008866906166, "loss_fcos_ctr": 0.6758064031600952, "loss_fcos_loc": 0.5141987800598145, "lr": 0.00099901, "num_pos_anchors": 264.75, "time": 0.721644211000239, "total_loss": 1.429970346391201}
{"data_time": 0.012277599500521319, "eta_seconds": 60119.82609942523, "iteration": 119, "loss_fcos_cls": 0.22619374096393585, "loss_fcos_ctr": 0.6458019018173218, "loss_fcos_loc": 0.47506682574748993, "lr": 0.00119881, "num_pos_anchors": 256.0, "time": 0.652590161000262, "total_loss": 1.3440110757946968}
{"data_time": 0.012412448999384651, "eta_seconds": 62449.229921265374, "iteration": 139, "loss_fcos_cls": 0.2358434498310089, "loss_fcos_ctr": 0.6711351573467255, "loss_fcos_loc": 0.45727671682834625, "lr": 0.0013986099999999998, "num_pos_anchors": 263.375, "time": 0.7522517970010085, "total_loss": 1.3612845614552498}
{"data_time": 0.012923998999212927, "eta_seconds": 62435.33069359539, "iteration": 159, "loss_fcos_cls": 0.21335271000862122, "loss_fcos_ctr": 0.6512879133224487, "loss_fcos_loc": 0.43879932165145874, "lr": 0.0015984099999999998, "num_pos_anchors": 264.875, "time": 0.7096312525009125, "total_loss": 1.3100141882896423}
